{"count":1,"self":186.9262336,"total":324.69294299999996,"children":{"InitializeActuators":{"count":1,"self":0.0019988,"total":0.0019988,"children":null},"InitializeSensors":{"count":1,"self":0.0029974,"total":0.0029974,"children":null},"AgentSendState":{"count":186001,"self":3.0776106,"total":5.5770691999999995,"children":{"CollectObservations":{"count":18601,"self":0.23557399999999998,"total":0.23557399999999998,"children":null},"WriteActionMask":{"count":18601,"self":0.15889309999999998,"total":0.15889309999999998,"children":null},"RequestDecision":{"count":18601,"self":0.5076433,"total":2.1049915,"children":{"AgentInfo.ToProto":{"count":18601,"self":0.47820819999999997,"total":1.5973481999999999,"children":{"GenerateSensorData":{"count":18601,"self":1.11914,"total":1.11914,"children":null}}}}}}},"DecideAction":{"count":186001,"self":129.3428736,"total":129.342871,"children":null},"AgentAct":{"count":186001,"self":2.8357699999999997,"total":2.8407682999999997,"children":{"AgentInfo.ToProto":{"count":113,"self":0.0010004999999999999,"total":0.0049983,"children":{"GenerateSensorData":{"count":113,"self":0.0039978,"total":0.0039978,"children":null}}}}}},"gauges":{"RollerBall.CumulativeReward":{"count":113,"max":2,"min":0,"runningAverage":0.619469047,"value":0,"weightedAverage":0.5956439}},"metadata":{"timer_format_version":"0.1.0","start_time_seconds":"1639471434","unity_version":"2021.1.11f1","command_line_arguments":"C:\\Program Files\\Unity\\Hub\\Editor\\2021.1.11f1\\Editor\\Unity.exe -projectpath C:\/Users\/oriolbm4\/Documents\/GitHub\/MLAgents\/mlagents -useHub -hubIPC -cloudEnvironment production -hubSessionId 4e97aa30-5cae-11ec-8d3b-876ee07b288a -accessToken _t241jOBl_eTY4sQgaMe59ny26RuB2y_isd_MPK6rVI012f","communication_protocol_version":"1.5.0","com.unity.ml-agents_version":"2.1.0-exp.1","scene_name":"SampleScene","end_time_seconds":"1639471758"}}